"date","cases"
"1944-01-07",6
"1944-01-14",9
"1944-01-21",7
"1944-01-28",9
"1944-02-04",19
"1944-02-11",19
"1944-02-18",30
"1944-02-25",23
"1944-03-03",23
"1944-03-10",19
"1944-03-17",48
"1944-03-24",35
"1944-03-31",75
"1944-04-07",48
"1944-04-14",72
"1944-04-21",81
"1944-04-28",56
"1944-05-05",52
"1944-05-12",50
"1944-05-19",55
"1944-05-26",81
"1944-06-02",70
"1944-06-09",86
"1944-06-16",90
"1944-06-23",84
"1944-06-30",95
"1944-07-07",109
"1944-07-14",147
"1944-07-21",126
"1944-07-28",81
"1944-08-04",79
"1944-08-11",79
"1944-08-18",63
"1944-08-25",59
"1944-09-01",75
"1944-09-08",58
"1944-09-15",81
"1944-09-22",92
"1944-09-29",142
"1944-10-06",162
"1944-10-13",171
"1944-10-20",258
"1944-10-27",196
"1944-11-03",251
"1944-11-10",294
"1944-11-17",381
"1944-11-24",302
"1944-12-01",408
"1944-12-08",436
"1944-12-15",329
"1944-12-22",314
"1944-12-31",246
"1945-01-07",255
"1945-01-14",231
"1945-01-21",252
"1945-01-28",219
"1945-02-04",187
"1945-02-11",187
"1945-02-18",184
"1945-02-25",189
"1945-03-04",144
"1945-03-11",153
"1945-03-18",158
"1945-03-25",103
"1945-04-01",130
"1945-04-08",130
"1945-04-15",97
"1945-04-22",123
"1945-04-29",116
"1945-05-06",99
"1945-05-13",88
"1945-05-20",95
"1945-05-27",83
"1945-06-03",72
"1945-06-10",74
"1945-06-17",50
"1945-06-24",43
"1945-07-01",49
"1945-07-08",48
"1945-07-15",33
"1945-07-22",33
"1945-07-29",25
"1945-08-05",7
"1945-08-12",16
"1945-08-19",9
"1945-08-26",20
"1945-09-02",55
"1945-09-09",13
"1945-09-16",10
"1945-09-23",24
"1945-09-30",10
"1945-10-07",33
"1945-10-14",17
"1945-10-21",25
"1945-10-28",26
"1945-11-04",28
"1945-11-11",22
"1945-11-18",23
"1945-11-25",19
"1945-12-02",22
"1945-12-09",32
"1945-12-16",44
"1945-12-23",48
"1945-12-31",40
"1946-01-07",32
"1946-01-14",46
"1946-01-21",51
"1946-01-28",73
"1946-02-04",65
"1946-02-11",83
"1946-02-18",80
"1946-02-25",90
"1946-03-04",100
"1946-03-11",128
"1946-03-18",109
"1946-03-25",144
"1946-04-01",294
"1946-04-08",183
"1946-04-15",257
"1946-04-22",271
"1946-04-29",234
"1946-05-06",295
"1946-05-13",184
"1946-05-20",222
"1946-05-27",224
"1946-06-03",270
"1946-06-10",229
"1946-06-17",282
"1946-06-24",208
"1946-07-01",226
"1946-07-08",162
"1946-07-15",188
"1946-07-22",157
"1946-07-29",127
"1946-08-05",68
"1946-08-12",76
"1946-08-19",48
"1946-08-26",38
"1946-09-02",28
"1946-09-09",27
"1946-09-16",29
"1946-09-23",50
"1946-09-30",36
"1946-10-07",46
"1946-10-14",53
"1946-10-21",52
"1946-10-28",31
"1946-11-04",24
"1946-11-11",39
"1946-11-18",45
"1946-11-25",43
"1946-12-02",53
"1946-12-09",67
"1946-12-16",84
"1946-12-23",67
"1946-12-31",53
"1947-01-06",84
"1947-01-13",72
"1947-01-20",81
"1947-01-27",72
"1947-02-03",70
"1947-02-10",85
"1947-02-17",99
"1947-02-24",86
"1947-03-02",121
"1947-03-09",100
"1947-03-16",121
"1947-03-23",109
"1947-03-30",179
"1947-04-06",166
"1947-04-13",101
"1947-04-20",144
"1947-04-27",113
"1947-05-03",151
"1947-05-10",209
"1947-05-17",212
"1947-05-24",282
"1947-05-31",256
"1947-06-07",315
"1947-06-14",235
"1947-06-21",248
"1947-06-28",231
"1947-07-04",254
"1947-07-11",184
"1947-07-18",160
"1947-07-25",142
"1947-08-01",123
"1947-08-08",106
"1947-08-15",62
"1947-08-22",86
"1947-08-29",26
"1947-09-04",19
"1947-09-11",24
"1947-09-18",17
"1947-09-25",18
"1947-10-02",20
"1947-10-09",22
"1947-10-16",27
"1947-10-23",18
"1947-10-30",21
"1947-11-05",16
"1947-11-12",14
"1947-11-19",19
"1947-11-26",22
"1947-12-03",36
"1947-12-10",49
"1947-12-17",37
"1947-12-24",25
"1947-12-31",56
"1948-01-07",40
"1948-01-14",51
"1948-01-21",54
"1948-01-28",54
"1948-02-04",89
"1948-02-11",73
"1948-02-18",169
"1948-02-25",212
"1948-03-03",283
"1948-03-10",285
"1948-03-17",279
"1948-03-24",424
"1948-03-31",370
"1948-04-07",459
"1948-04-14",401
"1948-04-21",395
"1948-04-28",411
"1948-05-05",425
"1948-05-12",438
"1948-05-19",356
"1948-05-26",376
"1948-06-02",308
"1948-06-09",255
"1948-06-16",186
"1948-06-23",160
"1948-06-30",101
"1948-07-07",83
"1948-07-14",90
"1948-07-21",37
"1948-07-28",56
"1948-08-04",40
"1948-08-11",42
"1948-08-18",46
"1948-08-25",37
"1948-09-01",20
"1948-09-08",26
"1948-09-15",34
"1948-09-22",36
"1948-09-29",34
"1948-10-06",29
"1948-10-13",39
"1948-10-20",35
"1948-10-27",18
"1948-11-03",34
"1948-11-10",46
"1948-11-17",57
"1948-11-24",53
"1948-12-01",62
"1948-12-08",90
"1948-12-15",59
"1948-12-22",43
"1948-12-31",64
"1949-01-07",87
"1949-01-14",62
"1949-01-21",64
"1949-01-28",42
"1949-02-04",40
"1949-02-11",73
"1949-02-18",110
"1949-02-25",118
"1949-03-04",110
"1949-03-11",105
"1949-03-18",97
"1949-03-25",126
"1949-04-01",127
"1949-04-08",137
"1949-04-15",136
"1949-04-22",146
"1949-04-29",113
"1949-05-06",104
"1949-05-13",111
"1949-05-20",110
"1949-05-27",126
"1949-06-03",157
"1949-06-10",156
"1949-06-17",169
"1949-06-24",194
"1949-07-01",243
"1949-07-08",240
"1949-07-15",261
"1949-07-22",201
"1949-07-29",168
"1949-08-05",119
"1949-08-12",90
"1949-08-19",78
"1949-08-26",70
"1949-09-02",66
"1949-09-09",60
"1949-09-16",52
"1949-09-23",57
"1949-09-30",68
"1949-10-07",63
"1949-10-14",71
"1949-10-21",90
"1949-10-28",78
"1949-11-04",90
"1949-11-11",86
"1949-11-18",87
"1949-11-25",78
"1949-12-02",77
"1949-12-09",145
"1949-12-16",153
"1949-12-23",118
"1949-12-31",249
"1950-01-07",246
"1950-01-14",304
"1950-01-21",272
"1950-01-28",320
"1950-02-04",405
"1950-02-11",463
"1950-02-18",425
"1950-02-25",522
"1950-03-04",515
"1950-03-11",482
"1950-03-18",413
"1950-03-25",454
"1950-04-01",384
"1950-04-08",339
"1950-04-15",344
"1950-04-22",266
"1950-04-29",228
"1950-05-06",206
"1950-05-13",240
"1950-05-20",168
"1950-05-27",195
"1950-06-03",131
"1950-06-10",161
"1950-06-17",143
"1950-06-24",101
"1950-07-01",106
"1950-07-08",67
"1950-07-15",104
"1950-07-22",67
"1950-07-29",88
"1950-08-05",50
"1950-08-12",47
"1950-08-19",55
"1950-08-26",26
"1950-09-02",40
"1950-09-09",25
"1950-09-16",23
"1950-09-23",17
"1950-09-30",17
"1950-10-07",29
"1950-10-14",13
"1950-10-21",5
"1950-10-28",13
"1950-11-04",11
"1950-11-11",11
"1950-11-18",16
"1950-11-25",17
"1950-12-02",18
"1950-12-09",13
"1950-12-16",13
"1950-12-23",13
"1950-12-31",10
"1951-01-07",13
"1951-01-14",8
"1951-01-21",32
"1951-01-28",33
"1951-02-04",43
"1951-02-11",44
"1951-02-18",59
"1951-02-25",60
"1951-03-04",95
"1951-03-11",98
"1951-03-18",147
"1951-03-25",151
"1951-04-01",263
"1951-04-08",239
"1951-04-15",272
"1951-04-22",243
"1951-04-29",316
"1951-05-06",300
"1951-05-13",405
"1951-05-20",523
"1951-05-27",546
"1951-06-03",472
"1951-06-10",530
"1951-06-17",450
"1951-06-24",448
"1951-07-01",410
"1951-07-08",310
"1951-07-15",319
"1951-07-22",249
"1951-07-29",284
"1951-08-05",258
"1951-08-12",176
"1951-08-19",150
"1951-08-26",135
"1951-09-02",111
"1951-09-09",109
"1951-09-16",77
"1951-09-23",105
"1951-09-30",128
"1951-10-07",115
"1951-10-14",143
"1951-10-21",127
"1951-10-28",132
"1951-11-04",131
"1951-11-11",121
"1951-11-18",153
"1951-11-25",100
"1951-12-02",166
"1951-12-09",134
"1951-12-16",154
"1951-12-23",172
"1951-12-31",148
"1952-01-06",274
"1952-01-13",195
"1952-01-20",214
"1952-01-27",177
"1952-02-03",209
"1952-02-10",273
"1952-02-17",263
"1952-02-24",300
"1952-03-01",305
"1952-03-08",395
"1952-03-15",362
"1952-03-22",368
"1952-03-29",321
"1952-04-05",332
"1952-04-12",234
"1952-04-19",234
"1952-04-26",314
"1952-05-02",215
"1952-05-09",259
"1952-05-16",258
"1952-05-23",301
"1952-05-30",356
"1952-06-06",267
"1952-06-13",330
"1952-06-20",341
"1952-06-27",298
"1952-07-03",124
"1952-07-10",172
"1952-07-17",192
"1952-07-24",154
"1952-07-31",79
"1952-08-07",48
"1952-08-14",48
"1952-08-21",29
"1952-08-28",38
"1952-09-03",16
"1952-09-10",16
"1952-09-17",15
"1952-09-24",19
"1952-10-01",36
"1952-10-08",27
"1952-10-15",45
"1952-10-22",13
"1952-10-29",28
"1952-11-04",20
"1952-11-11",28
"1952-11-18",25
"1952-11-25",30
"1952-12-02",40
"1952-12-09",40
"1952-12-16",37
"1952-12-23",34
"1952-12-31",61
"1953-01-07",71
"1953-01-14",54
"1953-01-21",42
"1953-01-28",81
"1953-02-04",90
"1953-02-11",104
"1953-02-18",119
"1953-02-25",139
"1953-03-04",157
"1953-03-11",263
"1953-03-18",285
"1953-03-25",396
"1953-04-01",488
"1953-04-08",442
"1953-04-15",550
"1953-04-22",401
"1953-04-29",331
"1953-05-06",420
"1953-05-13",422
"1953-05-20",431
"1953-05-27",421
"1953-06-03",442
"1953-06-10",506
"1953-06-17",527
"1953-06-24",519
"1953-07-01",422
"1953-07-08",340
"1953-07-15",260
"1953-07-22",271
"1953-07-29",201
"1953-08-05",171
"1953-08-12",82
"1953-08-19",57
"1953-08-26",33
"1953-09-02",51
"1953-09-09",22
"1953-09-16",19
"1953-09-23",22
"1953-09-30",37
"1953-10-07",31
"1953-10-14",29
"1953-10-21",24
"1953-10-28",31
"1953-11-04",21
"1953-11-11",25
"1953-11-18",30
"1953-11-25",21
"1953-12-02",29
"1953-12-09",18
"1953-12-16",20
"1953-12-23",22
"1953-12-31",53
"1954-01-07",29
"1954-01-14",34
"1954-01-21",28
"1954-01-28",22
"1954-02-04",22
"1954-02-11",39
"1954-02-18",55
"1954-02-25",41
"1954-03-04",65
"1954-03-11",64
"1954-03-18",89
"1954-03-25",107
"1954-04-01",119
"1954-04-08",122
"1954-04-15",94
"1954-04-22",129
"1954-04-29",123
"1954-05-06",126
"1954-05-13",118
"1954-05-20",133
"1954-05-27",134
"1954-06-03",143
"1954-06-10",189
"1954-06-17",235
"1954-06-24",201
"1954-07-01",242
"1954-07-08",232
"1954-07-15",235
"1954-07-22",258
"1954-07-29",294
"1954-08-05",226
"1954-08-12",251
"1954-08-19",186
"1954-08-26",172
"1954-09-02",159
"1954-09-09",113
"1954-09-16",168
"1954-09-23",177
"1954-09-30",137
"1954-10-07",194
"1954-10-14",178
"1954-10-21",250
"1954-10-28",194
"1954-11-04",277
"1954-11-11",239
"1954-11-18",342
"1954-11-25",265
"1954-12-02",324
"1954-12-09",333
"1954-12-16",279
"1954-12-23",132
"1954-12-31",314
"1955-01-07",269
"1955-01-14",215
"1955-01-21",155
"1955-01-28",216
"1955-02-04",170
"1955-02-11",213
"1955-02-18",240
"1955-02-25",283
"1955-03-04",252
"1955-03-11",250
"1955-03-18",166
"1955-03-25",200
"1955-04-01",206
"1955-04-08",178
"1955-04-15",171
"1955-04-22",226
"1955-04-29",206
"1955-05-06",211
"1955-05-13",178
"1955-05-20",220
"1955-05-27",141
"1955-06-03",150
"1955-06-10",159
"1955-06-17",132
"1955-06-24",145
"1955-07-01",135
"1955-07-08",147
"1955-07-15",102
"1955-07-22",73
"1955-07-29",81
"1955-08-05",45
"1955-08-12",58
"1955-08-19",28
"1955-08-26",38
"1955-09-02",19
"1955-09-09",22
"1955-09-16",16
"1955-09-23",25
"1955-09-30",23
"1955-10-07",17
"1955-10-14",18
"1955-10-21",9
"1955-10-28",19
"1955-11-04",10
"1955-11-11",25
"1955-11-18",116
"1955-11-25",17
"1955-12-02",18
"1955-12-09",24
"1955-12-16",18
"1955-12-23",8
"1955-12-31",23
"1956-01-07",9
"1956-01-14",10
"1956-01-21",16
"1956-01-28",21
"1956-02-04",24
"1956-02-11",42
"1956-02-18",47
"1956-02-25",46
"1956-03-03",42
"1956-03-10",24
"1956-03-17",39
"1956-03-24",16
"1956-03-31",26
"1956-04-07",22
"1956-04-14",57
"1956-04-21",51
"1956-04-28",59
"1956-05-05",117
"1956-05-12",118
"1956-05-19",121
"1956-05-26",197
"1956-06-02",197
"1956-06-09",198
"1956-06-16",216
"1956-06-23",179
"1956-06-30",288
"1956-07-07",215
"1956-07-14",253
"1956-07-21",259
"1956-07-28",273
"1956-08-04",235
"1956-08-11",146
"1956-08-18",152
"1956-08-25",133
"1956-09-01",109
"1956-09-08",93
"1956-09-15",89
"1956-09-22",107
"1956-09-29",110
"1956-10-06",103
"1956-10-13",105
"1956-10-20",155
"1956-10-27",154
"1956-11-03",175
"1956-11-10",146
"1956-11-17",201
"1956-11-24",177
"1956-12-01",180
"1956-12-08",192
"1956-12-15",208
"1956-12-22",197
"1956-12-31",258
"1957-01-07",381
"1957-01-14",299
"1957-01-21",291
"1957-01-28",247
"1957-02-04",416
"1957-02-11",459
"1957-02-18",469
"1957-02-25",479
"1957-03-04",497
"1957-03-11",506
"1957-03-18",646
"1957-03-25",654
"1957-04-01",568
"1957-04-08",464
"1957-04-15",350
"1957-04-22",356
"1957-04-29",244
"1957-05-06",230
"1957-05-13",211
"1957-05-20",242
"1957-05-27",196
"1957-06-03",216
"1957-06-10",197
"1957-06-17",194
"1957-06-24",141
"1957-07-01",151
"1957-07-08",138
"1957-07-15",136
"1957-07-22",108
"1957-07-29",85
"1957-08-05",88
"1957-08-12",74
"1957-08-19",71
"1957-08-26",55
"1957-09-02",48
"1957-09-09",42
"1957-09-16",20
"1957-09-23",27
"1957-09-30",13
"1957-10-07",7
"1957-10-14",9
"1957-10-21",6
"1957-10-28",8
"1957-11-04",18
"1957-11-11",10
"1957-11-18",18
"1957-11-25",20
"1957-12-02",22
"1957-12-09",24
"1957-12-16",26
"1957-12-23",24
"1957-12-31",44
"1958-01-06",45
"1958-01-13",26
"1958-01-20",23
"1958-01-27",31
"1958-02-03",53
"1958-02-10",58
"1958-02-17",60
"1958-02-24",161
"1958-03-02",128
"1958-03-09",179
"1958-03-16",159
"1958-03-23",153
"1958-03-30",164
"1958-04-06",150
"1958-04-13",150
"1958-04-20",154
"1958-04-27",150
"1958-05-03",125
"1958-05-10",140
"1958-05-17",115
"1958-05-24",189
"1958-05-31",131
"1958-06-07",185
"1958-06-14",169
"1958-06-21",237
"1958-06-28",218
"1958-07-04",263
"1958-07-11",300
"1958-07-18",253
"1958-07-25",257
"1958-08-01",241
"1958-08-08",196
"1958-08-15",166
"1958-08-22",129
"1958-08-29",73
"1958-09-04",74
"1958-09-11",61
"1958-09-18",50
"1958-09-25",41
"1958-10-02",56
"1958-10-09",70
"1958-10-16",53
"1958-10-23",108
"1958-10-30",79
"1958-11-05",101
"1958-11-12",138
"1958-11-19",128
"1958-11-26",109
"1958-12-03",136
"1958-12-10",143
"1958-12-17",233
"1958-12-24",117
"1958-12-31",360
"1959-01-07",296
"1959-01-14",277
"1959-01-21",189
"1959-01-28",226
"1959-02-04",217
"1959-02-11",213
"1959-02-18",252
"1959-02-25",252
"1959-03-04",165
"1959-03-11",103
"1959-03-18",169
"1959-03-25",140
"1959-04-01",188
"1959-04-08",157
"1959-04-15",143
"1959-04-22",115
"1959-04-29",150
"1959-05-06",96
"1959-05-13",157
"1959-05-20",147
"1959-05-27",141
"1959-06-03",154
"1959-06-10",127
"1959-06-17",161
"1959-06-24",141
"1959-07-01",139
"1959-07-08",130
"1959-07-15",164
"1959-07-22",110
"1959-07-29",91
"1959-08-05",72
"1959-08-12",69
"1959-08-19",41
"1959-08-26",42
"1959-09-02",40
"1959-09-09",28
"1959-09-16",14
"1959-09-23",22
"1959-09-30",24
"1959-10-07",37
"1959-10-14",39
"1959-10-21",56
"1959-10-28",94
"1959-11-04",69
"1959-11-11",82
"1959-11-18",66
"1959-11-25",85
"1959-12-02",83
"1959-12-09",84
"1959-12-16",71
"1959-12-23",37
"1959-12-31",78
"1960-01-07",51
"1960-01-14",66
"1960-01-21",46
"1960-01-28",61
"1960-02-04",55
"1960-02-11",66
"1960-02-18",141
"1960-02-25",78
"1960-03-03",136
"1960-03-10",134
"1960-03-17",147
"1960-03-24",137
"1960-03-31",188
"1960-04-07",218
"1960-04-14",191
"1960-04-21",150
"1960-04-28",222
"1960-05-05",123
"1960-05-12",159
"1960-05-19",210
"1960-05-26",188
"1960-06-02",291
"1960-06-09",221
"1960-06-16",383
"1960-06-23",234
"1960-06-30",294
"1960-07-07",292
"1960-07-14",256
"1960-07-21",254
"1960-07-28",210
"1960-08-04",208
"1960-08-11",180
"1960-08-18",128
"1960-08-25",119
"1960-09-01",92
"1960-09-08",63
"1960-09-15",63
"1960-09-22",79
"1960-09-29",91
"1960-10-06",82
"1960-10-13",152
"1960-10-20",136
"1960-10-27",151
"1960-11-03",259
"1960-11-10",200
"1960-11-17",221
"1960-11-24",229
"1960-12-01",221
"1960-12-08",250
"1960-12-15",234
"1960-12-22",249
"1960-12-31",219
"1961-01-07",283
"1961-01-14",255
"1961-01-21",228
"1961-01-28",161
"1961-02-04",142
"1961-02-11",179
"1961-02-18",211
"1961-02-25",152
"1961-03-04",199
"1961-03-11",171
"1961-03-18",132
"1961-03-25",136
"1961-04-01",157
"1961-04-08",145
"1961-04-15",200
"1961-04-22",145
"1961-04-29",113
"1961-05-06",74
"1961-05-13",128
"1961-05-20",114
"1961-05-27",111
"1961-06-03",161
"1961-06-10",137
"1961-06-17",184
"1961-06-24",177
"1961-07-01",162
"1961-07-08",195
"1961-07-15",163
"1961-07-22",155
"1961-07-29",139
"1961-08-05",135
"1961-08-12",77
"1961-08-19",72
"1961-08-26",49
"1961-09-02",51
"1961-09-09",38
"1961-09-16",22
"1961-09-23",23
"1961-09-30",20
"1961-10-07",19
"1961-10-14",16
"1961-10-21",12
"1961-10-28",17
"1961-11-04",15
"1961-11-11",9
"1961-11-18",9
"1961-11-25",7
"1961-12-02",4
"1961-12-09",11
"1961-12-16",16
"1961-12-23",5
"1961-12-31",9
"1962-01-07",9
"1962-01-14",7
"1962-01-21",21
"1962-01-28",22
"1962-02-04",13
"1962-02-11",20
"1962-02-18",18
"1962-02-25",34
"1962-03-04",20
"1962-03-11",29
"1962-03-18",22
"1962-03-25",48
"1962-04-01",59
"1962-04-08",64
"1962-04-15",37
"1962-04-22",49
"1962-04-29",43
"1962-05-06",47
"1962-05-13",22
"1962-05-20",37
"1962-05-27",34
"1962-06-03",38
"1962-06-10",48
"1962-06-17",42
"1962-06-24",75
"1962-07-01",69
"1962-07-08",105
"1962-07-15",128
"1962-07-22",217
"1962-07-29",184
"1962-08-05",214
"1962-08-12",260
"1962-08-19",294
"1962-08-26",217
"1962-09-02",166
"1962-09-09",198
"1962-09-16",83
"1962-09-23",115
"1962-09-30",126
"1962-10-07",224
"1962-10-14",265
"1962-10-21",393
"1962-10-28",567
"1962-11-04",592
"1962-11-11",657
"1962-11-18",725
"1962-11-25",645
"1962-12-02",813
"1962-12-09",730
"1962-12-16",632
"1962-12-23",564
"1962-12-31",402
"1963-01-07",646
"1963-01-14",537
"1963-01-21",313
"1963-01-28",226
"1963-02-04",180
"1963-02-11",188
"1963-02-18",158
"1963-02-25",156
"1963-03-04",88
"1963-03-11",82
"1963-03-18",68
"1963-03-25",65
"1963-04-01",54
"1963-04-08",52
"1963-04-15",55
"1963-04-22",68
"1963-04-29",46
"1963-05-06",90
"1963-05-13",49
"1963-05-20",52
"1963-05-27",59
"1963-06-03",59
"1963-06-10",33
"1963-06-17",51
"1963-06-24",58
"1963-07-01",59
"1963-07-08",53
"1963-07-15",46
"1963-07-22",57
"1963-07-29",46
"1963-08-05",53
"1963-08-12",34
"1963-08-19",37
"1963-08-26",37
"1963-09-02",30
"1963-09-09",28
"1963-09-16",36
"1963-09-23",27
"1963-09-30",29
"1963-10-07",37
"1963-10-14",43
"1963-10-21",61
"1963-10-28",62
"1963-11-04",59
"1963-11-11",60
"1963-11-18",67
"1963-11-25",84
"1963-12-02",91
"1963-12-09",100
"1963-12-16",113
"1963-12-23",123
"1963-12-31",75
"1964-01-06",165
"1964-01-13",166
"1964-01-20",121
"1964-01-27",113
"1964-02-03",124
"1964-02-10",143
"1964-02-17",173
"1964-02-24",200
"1964-03-01",257
"1964-03-08",204
"1964-03-15",209
"1964-03-22",307
"1964-03-29",196
"1964-04-05",216
"1964-04-12",238
"1964-04-19",151
"1964-04-26",174
"1964-05-02",127
"1964-05-09",146
"1964-05-16",141
"1964-05-23",171
"1964-05-30",154
"1964-06-06",160
"1964-06-13",213
"1964-06-20",216
"1964-06-27",236
"1964-07-03",278
"1964-07-10",237
"1964-07-17",149
"1964-07-24",190
"1964-07-31",256
"1964-08-07",109
"1964-08-14",87
"1964-08-21",81
"1964-08-28",73
"1964-09-03",63
"1964-09-10",33
"1964-09-17",19
"1964-09-24",28
"1964-10-01",54
"1964-10-08",30
"1964-10-15",45
"1964-10-22",58
"1964-10-29",53
"1964-11-04",48
"1964-11-11",53
"1964-11-18",69
"1964-11-25",61
"1964-12-02",99
"1964-12-09",47
"1964-12-16",64
"1964-12-23",48
"1964-12-31",161
"1965-01-07",78
"1965-01-14",128
"1965-01-21",92
"1965-01-28",119
"1965-02-04",84
"1965-02-11",120
"1965-02-18",164
"1965-02-25",149
"1965-03-04",156
"1965-03-11",115
"1965-03-18",116
"1965-03-25",118
"1965-04-01",149
"1965-04-08",106
"1965-04-15",85
"1965-04-22",105
"1965-04-29",125
"1965-05-06",108
"1965-05-13",122
"1965-05-20",101
"1965-05-27",162
"1965-06-03",168
"1965-06-10",152
"1965-06-17",170
"1965-06-24",196
"1965-07-01",206
"1965-07-08",209
"1965-07-15",222
"1965-07-22",266
"1965-07-29",224
"1965-08-05",187
"1965-08-12",148
"1965-08-19",105
"1965-08-26",93
"1965-09-02",106
"1965-09-09",87
"1965-09-16",74
"1965-09-23",110
"1965-09-30",69
"1965-10-07",129
"1965-10-14",104
"1965-10-21",150
"1965-10-28",98
"1965-11-04",118
"1965-11-11",184
"1965-11-18",161
"1965-11-25",174
"1965-12-02",177
"1965-12-09",179
"1965-12-16",210
"1965-12-23",154
"1965-12-31",213
"1966-01-07",223
"1966-01-14",206
"1966-01-21",213
"1966-01-28",166
"1966-02-04",166
"1966-02-11",180
"1966-02-18",120
"1966-02-25",147
"1966-03-04",114
"1966-03-11",92
"1966-03-18",127
"1966-03-25",116
"1966-04-01",111
"1966-04-08",119
"1966-04-15",77
"1966-04-22",134
"1966-04-29",100
"1966-05-06",107
"1966-05-13",92
"1966-05-20",66
"1966-05-27",87
"1966-06-03",64
"1966-06-10",91
"1966-06-17",94
"1966-06-24",42
"1966-07-01",59
"1966-07-08",67
"1966-07-15",59
"1966-07-22",68
"1966-07-29",61
"1966-08-05",73
"1966-08-12",55
"1966-08-19",53
"1966-08-26",73
"1966-09-02",29
"1966-09-09",40
"1966-09-16",28
"1966-09-23",40
"1966-09-30",41
"1966-10-07",58
"1966-10-14",40
"1966-10-21",65
"1966-10-28",64
"1966-11-04",80
"1966-11-11",94
"1966-11-18",106
"1966-11-25",97
"1966-12-02",148
"1966-12-09",125
"1966-12-16",122
"1966-12-23",147
"1966-12-31",148
"1967-01-07",204
"1967-01-14",212
"1967-01-21",131
"1967-01-28",177
"1967-02-04",165
"1967-02-11",198
"1967-02-18",246
"1967-02-25",307
"1967-03-04",265
"1967-03-11",278
"1967-03-18",257
"1967-03-25",194
"1967-04-01",226
"1967-04-08",216
"1967-04-15",197
"1967-04-22",188
"1967-04-29",134
"1967-05-06",130
"1967-05-13",92
"1967-05-20",126
"1967-05-27",138
"1967-06-03",94
"1967-06-10",130
"1967-06-17",110
"1967-06-24",136
"1967-07-01",128
"1967-07-08",128
"1967-07-15",112
"1967-07-22",138
"1967-07-29",102
"1967-08-05",96
"1967-08-12",60
"1967-08-19",66
"1967-08-26",45
"1967-09-02",30
"1967-09-09",39
"1967-09-16",29
"1967-09-23",11
"1967-09-30",19
"1967-10-07",19
"1967-10-14",14
"1967-10-21",11
"1967-10-28",7
"1967-11-04",24
"1967-11-11",18
"1967-11-18",11
"1967-11-25",24
"1967-12-02",11
"1967-12-09",14
"1967-12-16",14
"1967-12-23",11
"1967-12-31",36
"1968-01-06",34
"1968-01-13",17
"1968-01-20",13
"1968-01-27",19
"1968-02-03",32
"1968-02-10",15
"1968-02-17",32
"1968-02-24",35
"1968-03-01",33
"1968-03-08",50
"1968-03-15",59
"1968-03-22",40
"1968-03-29",54
"1968-04-05",51
"1968-04-12",38
"1968-04-19",46
"1968-04-26",43
"1968-05-02",49
"1968-05-09",44
"1968-05-16",60
"1968-05-23",90
"1968-05-30",151
"1968-06-06",147
"1968-06-13",186
"1968-06-20",164
"1968-06-27",220
"1968-07-03",266
"1968-07-10",226
"1968-07-17",318
"1968-07-24",270
"1968-07-31",262
"1968-08-07",217
"1968-08-14",186
"1968-08-21",115
"1968-08-28",115
"1968-09-03",70
"1968-09-10",72
"1968-09-17",50
"1968-09-24",41
"1968-10-01",81
"1968-10-08",66
"1968-10-15",39
"1968-10-22",51
"1968-10-29",46
"1968-11-04",32
"1968-11-11",41
"1968-11-18",21
"1968-11-25",33
"1968-12-02",19
"1968-12-09",30
"1968-12-16",9
"1968-12-23",14
"1968-12-31",21
"1969-01-07",18
"1969-01-14",7
"1969-01-21",15
"1969-01-28",3
"1969-02-04",24
"1969-02-11",12
"1969-02-18",5
"1969-02-25",5
"1969-03-04",9
"1969-03-11",11
"1969-03-18",8
"1969-03-25",8
"1969-04-01",20
"1969-04-08",10
"1969-04-15",14
"1969-04-22",14
"1969-04-29",6
"1969-05-06",7
"1969-05-13",10
"1969-05-20",7
"1969-05-27",4
"1969-06-03",4
"1969-06-10",7
"1969-06-17",7
"1969-06-24",4
"1969-07-01",11
"1969-07-08",21
"1969-07-15",20
"1969-07-22",30
"1969-07-29",37
"1969-08-05",36
"1969-08-12",15
"1969-08-19",16
"1969-08-26",13
"1969-09-02",15
"1969-09-09",5
"1969-09-16",12
"1969-09-23",20
"1969-09-30",28
"1969-10-07",17
"1969-10-14",32
"1969-10-21",30
"1969-10-28",25
"1969-11-04",39
"1969-11-11",21
"1969-11-18",55
"1969-11-25",49
"1969-12-02",47
"1969-12-09",60
"1969-12-16",87
"1969-12-23",51
"1969-12-31",112
"1970-01-07",105
"1970-01-14",86
"1970-01-21",71
"1970-01-28",112
"1970-02-04",182
"1970-02-11",193
"1970-02-18",227
"1970-02-25",352
"1970-03-04",217
"1970-03-11",290
"1970-03-18",313
"1970-03-25",284
"1970-04-01",378
"1970-04-08",315
"1970-04-15",270
"1970-04-22",271
"1970-04-29",196
"1970-05-06",220
"1970-05-13",194
"1970-05-20",208
"1970-05-27",205
"1970-06-03",192
"1970-06-10",198
"1970-06-17",271
"1970-06-24",145
"1970-07-01",184
"1970-07-08",137
"1970-07-15",165
"1970-07-22",116
"1970-07-29",94
"1970-08-05",119
"1970-08-12",70
"1970-08-19",57
"1970-08-26",63
"1970-09-02",38
"1970-09-09",35
"1970-09-16",27
"1970-09-23",20
"1970-09-30",28
"1970-10-07",23
"1970-10-14",24
"1970-10-21",24
"1970-10-28",35
"1970-11-04",43
"1970-11-11",33
"1970-11-18",44
"1970-11-25",44
"1970-12-02",24
"1970-12-09",36
"1970-12-16",35
"1970-12-23",36
"1970-12-31",37
"1971-01-07",39
"1971-01-14",26
"1971-01-21",16
"1971-01-28",0
"1971-02-04",6
"1971-02-11",3
"1971-02-18",3
"1971-02-25",2
"1971-03-04",0
"1971-03-11",36
"1971-03-18",41
"1971-03-25",7
"1971-04-01",21
"1971-04-08",17
"1971-04-15",5
"1971-04-22",21
"1971-04-29",18
"1971-05-06",15
"1971-05-13",20
"1971-05-20",15
"1971-05-27",7
"1971-06-03",15
"1971-06-10",23
"1971-06-17",5
"1971-06-24",5
"1971-07-01",16
"1971-07-08",14
"1971-07-15",10
"1971-07-22",5
"1971-07-29",10
"1971-08-05",11
"1971-08-12",9
"1971-08-19",14
"1971-08-26",9
"1971-09-02",5
"1971-09-09",4
"1971-09-16",6
"1971-09-23",5
"1971-09-30",5
"1971-10-07",3
"1971-10-14",3
"1971-10-21",8
"1971-10-28",5
"1971-11-04",2
"1971-11-11",2
"1971-11-18",11
"1971-11-25",2
"1971-12-02",7
"1971-12-09",12
"1971-12-16",10
"1971-12-23",10
"1971-12-31",4
"1972-01-07",6
"1972-01-14",9
"1972-01-21",15
"1972-01-28",10
"1972-02-04",13
"1972-02-11",12
"1972-02-18",15
"1972-02-25",11
"1972-03-03",35
"1972-03-10",36
"1972-03-17",48
"1972-03-24",40
"1972-03-31",64
"1972-04-07",39
"1972-04-14",81
"1972-04-21",42
"1972-04-28",31
"1972-05-05",25
"1972-05-12",59
"1972-05-19",41
"1972-05-26",86
"1972-06-02",98
"1972-06-09",80
"1972-06-16",100
"1972-06-23",90
"1972-06-30",70
"1972-07-07",111
"1972-07-14",81
"1972-07-21",131
"1972-07-28",116
"1972-08-04",133
"1972-08-11",122
"1972-08-18",124
"1972-08-25",90
"1972-09-01",70
"1972-09-08",46
"1972-09-15",34
"1972-09-22",35
"1972-09-29",66
"1972-10-06",53
"1972-10-13",113
"1972-10-20",142
"1972-10-27",120
"1972-11-03",157
"1972-11-10",146
"1972-11-17",146
"1972-11-24",140
"1972-12-01",127
"1972-12-08",170
"1972-12-15",158
"1972-12-22",120
"1972-12-31",99
"1973-01-07",206
"1973-01-14",113
"1973-01-21",109
"1973-01-28",75
"1973-02-04",68
"1973-02-11",71
"1973-02-18",81
"1973-02-25",80
"1973-03-04",85
"1973-03-11",90
"1973-03-18",84
"1973-03-25",63
"1973-04-01",74
"1973-04-08",53
"1973-04-15",63
"1973-04-22",37
"1973-04-29",44
"1973-05-06",52
"1973-05-13",36
"1973-05-20",57
"1973-05-27",53
"1973-06-03",39
"1973-06-10",44
"1973-06-17",29
"1973-06-24",31
"1973-07-01",27
"1973-07-08",31
"1973-07-15",24
"1973-07-22",23
"1973-07-29",22
"1973-08-05",29
"1973-08-12",28
"1973-08-19",26
"1973-08-26",22
"1973-09-02",12
"1973-09-09",4
"1973-09-16",7
"1973-09-23",9
"1973-09-30",13
"1973-10-07",8
"1973-10-14",4
"1973-10-21",4
"1973-10-28",3
"1973-11-04",6
"1973-11-11",17
"1973-11-18",5
"1973-11-25",15
"1973-12-02",1
"1973-12-09",7
"1973-12-16",9
"1973-12-23",4
"1973-12-31",3
"1974-01-06",22
"1974-01-13",23
"1974-01-20",13
"1974-01-27",10
"1974-02-03",6
"1974-02-10",6
"1974-02-17",7
"1974-02-24",7
"1974-03-02",6
"1974-03-09",0
"1974-03-16",0
"1974-03-23",11
"1974-03-30",5
"1974-04-06",25
"1974-04-13",17
"1974-04-20",12
"1974-04-27",7
"1974-05-03",14
"1974-05-10",15
"1974-05-17",6
"1974-05-24",8
"1974-05-31",8
"1974-06-07",13
"1974-06-14",8
"1974-06-21",4
"1974-06-28",30
"1974-07-04",28
"1974-07-11",22
"1974-07-18",33
"1974-07-25",30
"1974-08-01",52
"1974-08-08",39
"1974-08-15",55
"1974-08-22",26
"1974-08-29",39
"1974-09-04",32
"1974-09-11",29
"1974-09-18",32
"1974-09-25",24
"1974-10-02",76
"1974-10-09",56
"1974-10-16",117
"1974-10-23",99
"1974-10-30",125
"1974-11-05",153
"1974-11-12",146
"1974-11-19",170
"1974-11-26",165
"1974-12-03",160
"1974-12-10",165
"1974-12-17",172
"1974-12-24",99
"1974-12-31",226
"1975-01-07",239
"1975-01-14",169
"1975-01-21",117
"1975-01-28",13
"1975-02-04",94
"1975-02-11",105
"1975-02-18",92
"1975-02-25",118
"1975-03-04",118
"1975-03-11",132
"1975-03-18",75
"1975-03-25",72
"1975-04-01",68
"1975-04-08",79
"1975-04-15",59
"1975-04-22",39
"1975-04-29",70
"1975-05-06",78
"1975-05-13",50
"1975-05-20",39
"1975-05-27",66
"1975-06-03",50
"1975-06-10",66
"1975-06-17",69
"1975-06-24",64
"1975-07-01",29
"1975-07-08",47
"1975-07-15",37
"1975-07-22",35
"1975-07-29",17
"1975-08-05",20
"1975-08-12",14
"1975-08-19",12
"1975-08-26",8
"1975-09-02",6
"1975-09-09",15
"1975-09-16",3
"1975-09-23",4
"1975-09-30",4
"1975-10-07",2
"1975-10-14",5
"1975-10-21",5
"1975-10-28",7
"1975-11-04",6
"1975-11-11",9
"1975-11-18",10
"1975-11-25",6
"1975-12-02",11
"1975-12-09",5
"1975-12-16",3
"1975-12-23",3
"1975-12-31",7
"1976-01-07",11
"1976-01-14",11
"1976-01-21",9
"1976-01-28",6
"1976-02-04",12
"1976-02-11",10
"1976-02-18",6
"1976-02-25",14
"1976-03-03",8
"1976-03-10",11
"1976-03-17",11
"1976-03-24",13
"1976-03-31",10
"1976-04-07",21
"1976-04-14",9
"1976-04-21",16
"1976-04-28",10
"1976-05-05",10
"1976-05-12",18
"1976-05-19",8
"1976-05-26",14
"1976-06-02",3
"1976-06-09",5
"1976-06-16",13
"1976-06-23",9
"1976-06-30",7
"1976-07-07",11
"1976-07-14",8
"1976-07-21",16
"1976-07-28",5
"1976-08-04",11
"1976-08-11",14
"1976-08-18",7
"1976-08-25",4
"1976-09-01",10
"1976-09-08",10
"1976-09-15",6
"1976-09-22",8
"1976-09-29",30
"1976-10-06",18
"1976-10-13",30
"1976-10-20",41
"1976-10-27",35
"1976-11-03",22
"1976-11-10",35
"1976-11-17",25
"1976-11-24",48
"1976-12-01",26
"1976-12-08",63
"1976-12-15",56
"1976-12-22",55
"1976-12-31",40
"1977-01-07",84
"1977-01-14",90
"1977-01-21",80
"1977-01-28",66
"1977-02-04",81
"1977-02-11",126
"1977-02-18",133
"1977-02-25",153
"1977-03-04",176
"1977-03-11",163
"1977-03-18",129
"1977-03-25",139
"1977-04-01",124
"1977-04-08",118
"1977-04-15",90
"1977-04-22",120
"1977-04-29",96
"1977-05-06",106
"1977-05-13",86
"1977-05-20",51
"1977-05-27",83
"1977-06-03",61
"1977-06-10",37
"1977-06-17",55
"1977-06-24",80
"1977-07-01",98
"1977-07-08",50
"1977-07-15",81
"1977-07-22",66
"1977-07-29",48
"1977-08-05",64
"1977-08-12",48
"1977-08-19",27
"1977-08-26",33
"1977-09-02",22
"1977-09-09",17
"1977-09-16",16
"1977-09-23",13
"1977-09-30",4
"1977-10-07",9
"1977-10-14",5
"1977-10-21",5
"1977-10-28",3
"1977-11-04",13
"1977-11-11",6
"1977-11-18",8
"1977-11-25",9
"1977-12-02",4
"1977-12-09",3
"1977-12-16",6
"1977-12-23",4
"1977-12-31",5
"1978-01-07",3
"1978-01-14",7
"1978-01-21",6
"1978-01-28",5
"1978-02-04",29
"1978-02-11",21
"1978-02-18",29
"1978-02-25",40
"1978-03-04",27
"1978-03-11",40
"1978-03-18",27
"1978-03-25",8
"1978-04-01",0
"1978-04-08",43
"1978-04-15",32
"1978-04-22",18
"1978-04-29",55
"1978-05-06",18
"1978-05-13",44
"1978-05-20",39
"1978-05-27",48
"1978-06-03",40
"1978-06-10",56
"1978-06-17",67
"1978-06-24",59
"1978-07-01",68
"1978-07-08",70
"1978-07-15",71
"1978-07-22",63
"1978-07-29",70
"1978-08-05",33
"1978-08-12",53
"1978-08-19",51
"1978-08-26",43
"1978-09-02",17
"1978-09-09",18
"1978-09-16",18
"1978-09-23",19
"1978-09-30",12
"1978-10-07",15
"1978-10-14",16
"1978-10-21",25
"1978-10-28",28
"1978-11-04",11
"1978-11-11",22
"1978-11-18",12
"1978-11-25",17
"1978-12-02",15
"1978-12-09",2
"1978-12-16",39
"1978-12-23",24
"1978-12-31",10
"1979-01-07",18
"1979-01-14",26
"1979-01-21",13
"1979-01-28",31
"1979-02-04",23
"1979-02-11",28
"1979-02-18",28
"1979-02-25",27
"1979-03-04",25
"1979-03-11",40
"1979-03-18",36
"1979-03-25",49
"1979-04-01",49
"1979-04-08",65
"1979-04-15",41
"1979-04-22",45
"1979-04-29",71
"1979-05-06",60
"1979-05-13",29
"1979-05-20",46
"1979-05-27",80
"1979-06-03",93
"1979-06-10",85
"1979-06-17",65
"1979-06-24",70
"1979-07-01",79
"1979-07-08",81
"1979-07-15",52
"1979-07-22",75
"1979-07-29",56
"1979-08-05",56
"1979-08-12",46
"1979-08-19",24
"1979-08-26",18
"1979-09-02",19
"1979-09-09",18
"1979-09-16",15
"1979-09-23",14
"1979-09-30",18
"1979-10-07",9
"1979-10-14",4
"1979-10-21",10
"1979-10-28",20
"1979-11-04",15
"1979-11-11",6
"1979-11-18",21
"1979-11-25",18
"1979-12-02",7
"1979-12-09",7
"1979-12-16",10
"1979-12-23",4
"1979-12-31",5
"1980-01-06",15
"1980-01-13",16
"1980-01-20",13
"1980-01-27",6
"1980-02-03",8
"1980-02-10",13
"1980-02-17",8
"1980-02-24",14
"1980-03-01",10
"1980-03-08",13
"1980-03-15",14
"1980-03-22",5
"1980-03-29",20
"1980-04-05",9
"1980-04-12",20
"1980-04-19",12
"1980-04-26",8
"1980-05-02",12
"1980-05-09",14
"1980-05-16",18
"1980-05-23",27
"1980-05-30",22
"1980-06-06",41
"1980-06-13",30
"1980-06-20",34
"1980-06-27",31
"1980-07-03",45
"1980-07-10",69
"1980-07-17",59
"1980-07-24",62
"1980-07-31",72
"1980-08-07",73
"1980-08-14",39
"1980-08-21",35
"1980-08-28",17
"1980-09-03",20
"1980-09-10",14
"1980-09-17",6
"1980-09-24",9
"1980-10-01",14
"1980-10-08",13
"1980-10-15",14
"1980-10-22",12
"1980-10-29",14
"1980-11-04",17
"1980-11-11",9
"1980-11-18",31
"1980-11-25",9
"1980-12-02",9
"1980-12-09",12
"1980-12-16",10
"1980-12-23",7
"1980-12-31",13
"1981-01-07",24
"1981-01-14",26
"1981-01-21",12
"1981-01-28",17
"1981-02-04",10
"1981-02-11",17
"1981-02-18",10
"1981-02-25",13
"1981-03-04",20
"1981-03-11",32
"1981-03-18",21
"1981-03-25",30
"1981-04-01",34
"1981-04-08",33
"1981-04-15",30
"1981-04-22",42
"1981-04-29",71
"1981-05-06",36
"1981-05-13",46
"1981-05-20",34
"1981-05-27",47
"1981-06-03",52
"1981-06-10",49
"1981-06-17",37
"1981-06-24",41
"1981-07-01",26
"1981-07-08",35
"1981-07-15",23
"1981-07-22",50
"1981-07-29",37
"1981-08-05",40
"1981-08-12",24
"1981-08-19",13
"1981-08-26",13
"1981-09-02",9
"1981-09-09",7
"1981-09-16",4
"1981-09-23",9
"1981-09-30",7
"1981-10-07",12
"1981-10-14",7
"1981-10-21",10
"1981-10-28",18
"1981-11-04",9
"1981-11-11",11
"1981-11-18",26
"1981-11-25",12
"1981-12-02",17
"1981-12-09",8
"1981-12-16",11
"1981-12-23",9
"1981-12-31",11
"1982-01-07",33
"1982-01-14",19
"1982-01-21",6
"1982-01-28",14
"1982-02-04",13
"1982-02-11",10
"1982-02-18",8
"1982-02-25",10
"1982-03-04",15
"1982-03-11",8
"1982-03-18",3
"1982-03-25",10
"1982-04-01",17
"1982-04-08",12
"1982-04-15",14
"1982-04-22",13
"1982-04-29",9
"1982-05-06",7
"1982-05-13",9
"1982-05-20",7
"1982-05-27",7
"1982-06-03",5
"1982-06-10",9
"1982-06-17",26
"1982-06-24",23
"1982-07-01",12
"1982-07-08",16
"1982-07-15",16
"1982-07-22",24
"1982-07-29",17
"1982-08-05",15
"1982-08-12",19
"1982-08-19",10
"1982-08-26",7
"1982-09-02",15
"1982-09-09",7
"1982-09-16",3
"1982-09-23",5
"1982-09-30",10
"1982-10-07",0
"1982-10-14",4
"1982-10-21",6
"1982-10-28",6
"1982-11-04",6
"1982-11-11",7
"1982-11-18",6
"1982-11-25",12
"1982-12-02",6
"1982-12-09",10
"1982-12-16",9
"1982-12-23",15
"1982-12-31",3
"1983-01-07",12
"1983-01-14",13
"1983-01-21",16
"1983-01-28",10
"1983-02-04",15
"1983-02-11",19
"1983-02-18",14
"1983-02-25",13
"1983-03-04",24
"1983-03-11",24
"1983-03-18",45
"1983-03-25",25
"1983-04-01",52
"1983-04-08",27
"1983-04-15",72
"1983-04-22",35
"1983-04-29",38
"1983-05-06",44
"1983-05-13",47
"1983-05-20",59
"1983-05-27",57
"1983-06-03",42
"1983-06-10",56
"1983-06-17",41
"1983-06-24",61
"1983-07-01",51
"1983-07-08",34
"1983-07-15",65
"1983-07-22",52
"1983-07-29",35
"1983-08-05",23
"1983-08-12",26
"1983-08-19",11
"1983-08-26",7
"1983-09-02",8
"1983-09-09",26
"1983-09-16",2
"1983-09-23",11
"1983-09-30",6
"1983-10-07",10
"1983-10-14",9
"1983-10-21",9
"1983-10-28",6
"1983-11-04",4
"1983-11-11",14
"1983-11-18",11
"1983-11-25",14
"1983-12-02",10
"1983-12-09",4
"1983-12-16",5
"1983-12-23",10
"1983-12-31",4
"1984-01-07",9
"1984-01-14",9
"1984-01-21",11
"1984-01-28",6
"1984-02-04",10
"1984-02-11",12
"1984-02-18",20
"1984-02-25",11
"1984-03-03",11
"1984-03-10",28
"1984-03-17",8
"1984-03-24",18
"1984-03-31",21
"1984-04-07",29
"1984-04-14",21
"1984-04-21",7
"1984-04-28",25
"1984-05-05",20
"1984-05-12",18
"1984-05-19",14
"1984-05-26",21
"1984-06-02",9
"1984-06-09",20
"1984-06-16",24
"1984-06-23",22
"1984-06-30",18
"1984-07-07",20
"1984-07-14",18
"1984-07-21",20
"1984-07-28",15
"1984-08-04",25
"1984-08-11",24
"1984-08-18",15
"1984-08-25",19
"1984-09-01",4
"1984-09-08",12
"1984-09-15",13
"1984-09-22",8
"1984-09-29",9
"1984-10-06",12
"1984-10-13",19
"1984-10-20",12
"1984-10-27",18
"1984-11-03",26
"1984-11-10",34
"1984-11-17",30
"1984-11-24",29
"1984-12-01",19
"1984-12-08",29
"1984-12-15",18
"1984-12-22",17
"1984-12-31",21
"1985-01-07",23
"1985-01-14",41
"1985-01-21",26
"1985-01-28",28
"1985-02-04",39
"1985-02-11",39
"1985-02-18",48
"1985-02-25",47
"1985-03-04",54
"1985-03-11",25
"1985-03-18",52
"1985-03-25",54
"1985-04-01",50
"1985-04-08",49
"1985-04-15",39
"1985-04-22",68
"1985-04-29",48
"1985-05-06",43
"1985-05-13",25
"1985-05-20",56
"1985-05-27",52
"1985-06-03",34
"1985-06-10",46
"1985-06-17",49
"1985-06-24",35
"1985-07-01",39
"1985-07-08",24
"1985-07-15",35
"1985-07-22",45
"1985-07-29",40
"1985-08-05",25
"1985-08-12",32
"1985-08-19",22
"1985-08-26",13
"1985-09-02",9
"1985-09-09",8
"1985-09-16",8
"1985-09-23",5
"1985-09-30",6
"1985-10-07",5
"1985-10-14",7
"1985-10-21",7
"1985-10-28",4
"1985-11-04",7
"1985-11-11",4
"1985-11-18",3
"1985-11-25",0
"1985-12-02",4
"1985-12-09",11
"1985-12-16",1
"1985-12-23",2
"1985-12-31",3
"1986-01-06",7
"1986-01-13",9
"1986-01-20",7
"1986-01-27",3
"1986-02-03",10
"1986-02-10",8
"1986-02-17",6
"1986-02-24",15
"1986-03-02",13
"1986-03-09",12
"1986-03-16",20
"1986-03-23",18
"1986-03-30",14
"1986-04-06",5
"1986-04-13",8
"1986-04-20",24
"1986-04-27",17
"1986-05-03",7
"1986-05-10",10
"1986-05-17",6
"1986-05-24",18
"1986-05-31",2
"1986-06-07",11
"1986-06-14",13
"1986-06-21",6
"1986-06-28",11
"1986-07-04",13
"1986-07-11",9
"1986-07-18",7
"1986-07-25",9
"1986-08-01",14
"1986-08-08",5
"1986-08-15",8
"1986-08-22",10
"1986-08-29",3
"1986-09-04",7
"1986-09-11",3
"1986-09-18",6
"1986-09-25",4
"1986-10-02",4
"1986-10-09",10
"1986-10-16",6
"1986-10-23",2
"1986-10-30",1
"1986-11-05",7
"1986-11-12",8
"1986-11-19",3
"1986-11-26",2
"1986-12-03",9
"1986-12-10",9
"1986-12-17",4
"1986-12-24",5
"1986-12-31",9
"1987-01-07",23
"1987-01-14",7
"1987-01-21",6
"1987-01-28",10
"1987-02-04",13
"1987-02-11",5
"1987-02-18",6
"1987-02-25",12
"1987-03-04",8
"1987-03-11",13
"1987-03-18",7
"1987-03-25",9
"1987-04-01",6
"1987-04-08",18
"1987-04-15",10
"1987-04-22",12
"1987-04-29",15
"1987-05-06",9
"1987-05-13",9
"1987-05-20",8
"1987-05-27",10
"1987-06-03",15
"1987-06-10",19
"1987-06-17",12
"1987-06-24",6
"1987-07-01",7
"1987-07-08",11
"1987-07-15",12
"1987-07-22",12
"1987-07-29",19
"1987-08-05",11
"1987-08-12",16
"1987-08-19",9
"1987-08-26",12
"1987-09-02",6
"1987-09-09",9
"1987-09-16",2
"1987-09-23",0
"1987-09-30",7
"1987-10-07",1
"1987-10-14",4
"1987-10-21",8
"1987-10-28",2
"1987-11-04",3
"1987-11-11",11
"1987-11-18",13
"1987-11-25",25
"1987-12-02",7
"1987-12-09",12
"1987-12-16",18
"1987-12-23",24
"1987-12-31",30
"1988-01-07",36
"1988-01-14",24
"1988-01-21",29
"1988-01-28",16
"1988-02-04",36
"1988-02-11",47
"1988-02-18",42
"1988-02-25",52
"1988-03-03",48
"1988-03-10",48
"1988-03-17",38
"1988-03-24",34
"1988-03-31",43
"1988-04-07",32
"1988-04-14",44
"1988-04-21",51
"1988-04-28",24
"1988-05-05",26
"1988-05-12",40
"1988-05-19",36
"1988-05-26",48
"1988-06-02",14
"1988-06-09",25
"1988-06-16",26
"1988-06-23",27
"1988-06-30",19
"1988-07-07",13
"1988-07-14",16
"1988-07-21",15
"1988-07-28",16
"1988-08-04",17
"1988-08-11",13
"1988-08-18",5
"1988-08-25",9
"1988-09-01",1
"1988-09-08",3
"1988-09-15",0
"1988-09-22",1
"1988-09-29",6
"1988-10-06",9
"1988-10-13",9
"1988-10-20",5
"1988-10-27",7
"1988-11-03",6
"1988-11-10",7
"1988-11-17",10
"1988-11-24",3
"1988-12-01",7
"1988-12-08",5
"1988-12-15",2
"1988-12-22",4
"1988-12-31",3
"1989-01-07",5
"1989-01-14",10
"1989-01-21",2
"1989-01-28",4
"1989-02-04",4
"1989-02-11",12
"1989-02-18",7
"1989-02-25",2
"1989-03-04",0
"1989-03-11",5
"1989-03-18",9
"1989-03-25",7
"1989-04-01",1
"1989-04-08",4
"1989-04-15",3
"1989-04-22",4
"1989-04-29",3
"1989-05-06",1
"1989-05-13",2
"1989-05-20",3
"1989-05-27",0
"1989-06-03",4
"1989-06-10",6
"1989-06-17",7
"1989-06-24",3
"1989-07-01",5
"1989-07-08",2
"1989-07-15",4
"1989-07-22",6
"1989-07-29",6
"1989-08-05",0
"1989-08-12",4
"1989-08-19",3
"1989-08-26",4
"1989-09-02",1
"1989-09-09",3
"1989-09-16",4
"1989-09-23",3
"1989-09-30",6
"1989-10-07",2
"1989-10-14",0
"1989-10-21",2
"1989-10-28",4
"1989-11-04",1
"1989-11-11",5
"1989-11-18",3
"1989-11-25",2
"1989-12-02",7
"1989-12-09",1
"1989-12-16",0
"1989-12-23",1
"1989-12-31",1
"1990-01-07",0
"1990-01-14",2
"1990-01-21",2
"1990-01-28",2
"1990-02-04",4
"1990-02-11",1
"1990-02-18",7
"1990-02-25",6
"1990-03-04",3
"1990-03-11",4
"1990-03-18",2
"1990-03-25",4
"1990-04-01",0
"1990-04-08",6
"1990-04-15",4
"1990-04-22",2
"1990-04-29",4
"1990-05-06",7
"1990-05-13",4
"1990-05-20",2
"1990-05-27",4
"1990-06-03",1
"1990-06-10",3
"1990-06-17",6
"1990-06-24",3
"1990-07-01",7
"1990-07-08",5
"1990-07-15",4
"1990-07-22",1
"1990-07-29",0
"1990-08-05",1
"1990-08-12",4
"1990-08-19",2
"1990-08-26",3
"1990-09-02",0
"1990-09-09",3
"1990-09-16",2
"1990-09-23",4
"1990-09-30",7
"1990-10-07",2
"1990-10-14",2
"1990-10-21",1
"1990-10-28",5
"1990-11-04",3
"1990-11-11",2
"1990-11-18",7
"1990-11-25",4
"1990-12-02",3
"1990-12-09",2
"1990-12-16",2
"1990-12-23",2
"1990-12-31",1
"1991-01-07",2
"1991-01-14",0
"1991-01-21",4
"1991-01-28",3
"1991-02-04",3
"1991-02-10",2
"1991-02-18",4
"1991-02-25",6
"1991-03-04",0
"1991-03-11",2
"1991-03-18",2
"1991-03-25",3
"1991-04-01",0
"1991-04-08",5
"1991-04-15",2
"1991-04-22",3
"1991-04-29",7
"1991-05-06",6
"1991-05-13",2
"1991-05-20",6
"1991-05-27",5
"1991-06-03",2
"1991-06-10",4
"1991-06-17",5
"1991-06-24",0
"1991-07-01",4
"1991-07-08",4
"1991-07-15",2
"1991-07-22",3
"1991-07-29",1
"1991-08-05",2
"1991-08-12",2
"1991-08-19",3
"1991-08-26",0
"1991-09-02",0
"1991-09-09",0
"1991-09-16",1
"1991-09-23",3
"1991-09-30",1
"1991-10-07",0
"1991-10-14",1
"1991-10-21",2
"1991-10-28",3
"1991-11-04",5
"1991-11-11",5
"1991-11-18",4
"1991-11-25",1
"1991-12-02",3
"1991-12-09",1
"1991-12-16",4
"1991-12-23",2
"1991-12-31",1
"1992-01-06",4
"1992-01-13",0
"1992-01-20",0
"1992-01-27",0
"1992-02-03",3
"1992-02-10",3
"1992-02-17",2
"1992-02-24",2
"1992-03-01",4
"1992-03-08",5
"1992-03-15",5
"1992-03-22",0
"1992-03-29",1
"1992-04-05",4
"1992-04-12",0
"1992-04-19",1
"1992-04-26",2
"1992-05-02",2
"1992-05-09",3
"1992-05-16",3
"1992-05-23",4
"1992-05-30",0
"1992-06-06",2
"1992-06-13",8
"1992-06-20",2
"1992-06-27",5
"1992-07-03",10
"1992-07-10",5
"1992-07-17",5
"1992-07-24",5
"1992-07-31",1
"1992-08-07",3
"1992-08-14",3
"1992-08-21",3
"1992-08-28",0
"1992-09-03",0
"1992-09-10",2
"1992-09-17",0
"1992-09-24",2
"1992-10-01",3
"1992-10-08",3
"1992-10-15",3
"1992-10-22",2
"1992-10-29",0
"1992-11-04",1
"1992-11-11",4
"1992-11-18",2
"1992-11-25",1
"1992-12-02",1
"1992-12-09",1
"1992-12-16",1
"1992-12-23",0
"1992-12-31",1
"1993-01-07",0
"1993-01-14",3
"1993-01-21",5
"1993-01-28",4
"1993-02-04",0
"1993-02-11",2
"1993-02-18",1
"1993-02-25",1
"1993-03-04",2
"1993-03-11",1
"1993-03-18",1
"1993-03-25",4
"1993-04-01",0
"1993-04-08",6
"1993-04-15",7
"1993-04-22",1
"1993-04-29",10
"1993-05-06",2
"1993-05-13",2
"1993-05-20",10
"1993-05-27",1
"1993-06-03",3
"1993-06-10",0
"1993-06-17",2
"1993-06-24",2
"1993-07-01",1
"1993-07-08",5
"1993-07-15",4
"1993-07-22",2
"1993-07-29",1
"1993-08-05",1
"1993-08-12",0
"1993-08-19",1
"1993-08-26",0
"1993-09-02",1
"1993-09-09",0
"1993-09-16",4
"1993-09-23",3
"1993-09-30",0
"1993-10-07",1
"1993-10-14",2
"1993-10-21",4
"1993-10-28",1
"1993-11-04",1
"1993-11-11",4
"1993-11-18",1
"1993-11-25",1
"1993-12-02",0
"1993-12-09",0
"1993-12-16",1
"1993-12-23",1
"1993-12-31",0
"1994-01-07",1
"1994-01-14",1
"1994-01-21",0
"1994-01-28",1
"1994-02-04",2
"1994-02-11",0
"1994-02-18",0
"1994-02-25",4
"1994-03-04",2
"1994-03-11",2
"1994-03-18",4
"1994-03-25",2
"1994-04-01",1
"1994-04-08",0
"1994-04-15",0
"1994-04-22",0
"1994-04-29",4
"1994-05-06",0
"1994-05-13",1
"1994-05-20",0
"1994-05-27",1
"1994-06-03",0
"1994-06-10",0
"1994-06-17",0
"1994-06-24",1
"1994-07-01",0
"1994-07-08",0
"1994-07-15",0
"1994-07-22",0
"1994-07-29",1
"1994-08-05",0
"1994-08-12",0
"1994-08-19",1
"1994-08-26",8
"1994-09-02",0
"1994-09-09",3
"1994-09-16",0
"1994-09-23",2
"1994-09-30",0
"1994-10-07",4
"1994-10-14",4
"1994-10-21",3
"1994-10-28",0
"1994-11-04",2
"1994-11-11",9
"1994-11-18",3
"1994-11-25",6
"1994-12-02",3
"1994-12-09",1
"1994-12-16",0
"1994-12-23",0
"1994-12-31",0
